app,usage,seconds_since_day_start,15_interval
com.cameronchow.Strong,1,7216,8
net.whatsapp.WhatsApp,9,7225,8
com.apple.MobileSMS,3,7228,8
com.apple.MobileSMS,2,7232,8
net.whatsapp.WhatsApp,2,7234,8
net.whatsapp.WhatsApp,2,7273,8
net.whatsapp.WhatsApp,10,7310,8
net.whatsapp.WhatsApp,5,7316,8
net.whatsapp.WhatsApp,12,7334,8
net.whatsapp.WhatsApp,3,7338,8
com.apple.MobileSMS,1,7339,8
com.cameronchow.Strong,42,7381,8
com.cameronchow.Strong,6,7400,8
com.cameronchow.Strong,6,7407,8
com.cameronchow.Strong,12,7444,8
com.cameronchow.Strong,10,7458,8
com.cameronchow.Strong,233,7692,8
com.cameronchow.Strong,10,7708,8
com.cameronchow.Strong,98,7861,8
com.cameronchow.Strong,10,8063,8
com.cameronchow.Strong,7,8088,8
net.whatsapp.WhatsApp,26,8114,9
com.apple.MobileSMS,65,8119,9
com.apple.InCallService,29,8148,9
com.apple.MobileSMS,19,8167,9
com.apple.MobileSMS,13,8192,9
com.apple.MobileSMS,30,8269,9
com.apple.MobileSMS,10,8325,9
com.apple.MobileSMS,75,8439,9
com.apple.MobileSMS,2,8441,9
com.apple.MobileSMS,32,8846,9
com.apple.MobileSMS,1,9070,10
com.apple.MobileSMS,45,9238,10
net.whatsapp.WhatsApp,10,9352,10
com.apple.MobileSMS,13,9408,10
net.whatsapp.WhatsApp,4,9433,10
com.apple.MobileSMS,2,9484,10
com.apple.MobileSMS,3,9490,10
com.apple.MobileSMS,8,9523,10
com.apple.mobilephone,2,9527,10
com.google.Maps,382,9910,11
com.google.Maps,4,9923,11
PreciseParklink.Parkedin-Web,0,9923,11
com.apple.mobilesafari,90,10014,11
com.apple.mobilesafari,153,10246,11
com.apple.mobilesafari,2,10261,11
com.apple.mobilesafari,7,10268,11
com.apple.mobilesafari,7,10302,11
com.apple.mobilesafari,1,10311,11
com.apple.mobilesafari,6,10318,11
com.apple.mobilesafari,42,10360,11
com.google.Maps,8,10369,11
com.google.Maps,3,10432,11
com.google.Maps,81,10539,11
com.apple.camera,0,10577,11
com.google.Maps,20,10586,11
com.google.Maps,6,10673,11
com.microsoft.skype.teams,0,10673,11
com.apple.MobileSMS,4,10678,11
com.apple.MobileSMS,7,10713,11
com.apple.MobileSMS,2,10768,11
com.apple.MobileSMS,4,10772,11
net.whatsapp.WhatsApp,8,10772,11
com.apple.InCallService,12,10784,11
com.apple.MobileSMS,17,10801,12
net.whatsapp.WhatsApp,2,10808,12
net.whatsapp.WhatsApp,10,10847,12
com.apple.MobileSMS,6,10886,12
com.apple.MobileSMS,38,10962,12
com.apple.MobileSMS,10,10982,12
com.apple.camera,0,10982,12
com.apple.MobileSMS,10,11032,12
com.apple.InCallService,14,11046,12
com.apple.MobileSMS,4,11050,12
com.apple.MobileSMS,10,11066,12
com.apple.MobileSMS,10,11084,12
com.apple.PosterBoard,3,11344,12
com.apple.MobileSMS,7,11348,12
net.whatsapp.WhatsApp,10,11427,12
net.whatsapp.WhatsApp,10,11459,12
net.whatsapp.WhatsApp,10,11477,12
com.apple.MobileSMS,10,11532,12
net.whatsapp.WhatsApp,10,11578,12
net.whatsapp.WhatsApp,4,11707,13
com.cameronchow.Strong,13,11722,13
com.apple.MobileSMS,12,12010,13
com.apple.MobileSMS,3,12015,13
com.apple.MobileSMS,6,12031,13
com.apple.MobileSMS,21,12182,13
com.apple.mobilephone,2,12185,13
com.cameronchow.Strong,10,12256,13
com.apple.InCallService,75,12260,13
com.apple.mobilephone,2,12262,13
com.cameronchow.Strong,2,12402,13
com.apple.mobilephone,10,12438,13
com.apple.mobilephone,10,12500,13
com.apple.mobilephone,10,12774,14
com.google.Maps,405,12808,14
net.whatsapp.WhatsApp,6,12814,14
com.apple.mobilephone,10,12894,14
com.google.Maps,281,13095,14
net.whatsapp.WhatsApp,21,13143,14
com.apple.mobilephone,4,13177,14
com.apple.MobileSMS,5,13182,14
com.apple.InCallService,8,13190,14
net.whatsapp.WhatsApp,4,13205,14
com.apple.MobileSMS,20,13210,14
net.whatsapp.WhatsApp,3,13278,14
com.apple.MobileSMS,2,13315,14
com.apple.mobilephone,6,13321,14
com.apple.InCallService,6,13327,14
com.apple.InCallService,0,13390,14
com.apple.mobilephone,2,13392,14
com.apple.mobilephone,3,13467,14
com.apple.mobilephone,5,13472,14
com.apple.InCallService,18,13490,14
com.apple.InCallService,2,13513,15
com.apple.InCallService,0,13514,15
com.apple.mobilephone,1,13515,15
com.burbn.instagram,273,13555,15
com.burbn.instagram,8,13571,15
net.whatsapp.WhatsApp,29,13602,15
com.apple.mobilephone,7,13618,15
net.whatsapp.WhatsApp,5,13623,15
net.whatsapp.WhatsApp,2,13667,15
net.whatsapp.WhatsApp,2,13782,15
com.apple.MobileSMS,50,13832,15
com.apple.MobileSMS,33,13866,15
com.apple.MobileSMS,37,13904,15
com.apple.MobileSMS,4,13912,15
com.apple.MobileSMS,14,15259,16
com.apple.MobileSMS,10,15330,17
com.apple.MobileSMS,11,15342,17
com.apple.MobileSMS,11,16635,18
com.apple.MobileSMS,11,16853,18
com.apple.MobileSMS,2,17014,18
com.apple.MobileSMS,7,17030,18
com.apple.MobileSMS,8,19427,21
com.apple.mobilesafari,5,19432,21
com.google.Gmail,7,19439,21
com.google.Gmail,6,19469,21
com.google.Gmail,158,19656,21
com.apple.mobilesafari,15,19671,21
com.google.Gmail,3,19674,21
com.apple.mobilesafari,29,19703,21
com.google.Gmail,8,19711,21
com.apple.mobilesafari,20,19731,21
com.google.Gmail,33,19764,21
com.google.Docs,64,19828,22
com.apple.mobilesafari,28,19857,22
com.apple.mobilesafari,50,19969,22
com.google.Docs,2,19971,22
com.apple.DocumentsApp,61,20033,22
com.google.Docs,1,20034,22
com.apple.mobilesafari,3,20037,22
com.google.Docs,1,20038,22
com.apple.DocumentsApp,2,20040,22
com.google.Docs,1,20041,22
com.apple.mobilesafari,1,20042,22
com.google.Docs,1,20043,22
com.apple.DocumentsApp,15,20058,22
com.google.Docs,1,20059,22
com.apple.MobileSMS,0,20061,22
com.apple.mobilesafari,2,20061,22
net.whatsapp.WhatsApp,1,20062,22
com.apple.DocumentsApp,2,20065,22
com.google.Docs,89,20155,22
com.apple.DocumentsApp,40,20195,22
com.google.Docs,11,20206,22
com.apple.DocumentsApp,1,20207,22
com.apple.mobilesafari,47,20254,22
com.apple.mobilesafari,10,20266,22
com.apple.mobilesafari,15,20295,22
com.apple.mobilesafari,2,20491,22
net.whatsapp.WhatsApp,1,20493,22
com.toggl.daneel,1,20494,22
com.apple.MobileSMS,73,20567,22
net.whatsapp.WhatsApp,18,20586,22
net.whatsapp.WhatsApp,10,20609,22
net.whatsapp.WhatsApp,4,20622,22
com.google.Maps,661,21284,23
com.google.Maps,2,21323,23
com.apple.MobileSMS,6,21329,23
net.whatsapp.WhatsApp,9,21340,23
com.apple.MobileSMS,24,21364,23
com.google.Maps,31,21395,23
com.apple.MobileSMS,6,21402,23
net.whatsapp.WhatsApp,7,21409,23
com.apple.MobileSMS,53,21462,23
net.whatsapp.WhatsApp,7,21469,23
com.google.Maps,39,21508,23
com.google.Maps,21,22137,24
com.google.Maps,14,22489,24
com.google.Maps,1,22491,24
com.google.Maps,9,22615,25
com.google.Maps,13,22876,25
com.google.Maps,2,23003,25
com.google.Maps,9,23014,25
com.google.Maps,6,23191,25
com.google.Maps,11,23396,25
com.google.Maps,10,23886,26
com.google.Maps,10,24400,27
com.google.Maps,10,24420,27
com.google.Maps,5,25286,28
com.google.Maps,1,25288,28
net.whatsapp.WhatsApp,58,25346,28
net.whatsapp.WhatsApp,6,25354,28
net.whatsapp.WhatsApp,141,25498,28
com.apple.mobilesafari,11,50539,56
com.apple.mobilesafari,7,51595,57
com.apple.mobilesafari,15,51761,57
com.apple.mobilesafari,10,53273,59
com.apple.mobilesafari,10,53349,59
com.apple.mobilesafari,10,53593,59
com.apple.mobilesafari,10,53669,59
com.apple.mobilesafari,10,53893,59
com.apple.mobilesafari,10,53953,59
com.apple.mobilesafari,10,54054,60
com.apple.camera,1,55194,61
com.apple.mobilesafari,32,55224,61
com.apple.mobilesafari,10,55282,61
com.apple.mobilesafari,19,55393,61
com.samvermette.Transit,9,55403,61
com.samvermette.Transit,3,55421,61
com.apple.mobilesafari,30,55451,61
com.apple.Safari,12,55549,61
com.apple.mobilesafari,2,55770,61
com.apple.mobilesafari,10,55793,61
com.apple.mobilesafari,6,55812,62
com.apple.mobilesafari,5,55820,62
com.apple.Notes,101,55837,62
com.apple.Notes,2,56019,62
com.apple.Safari,50,56069,62
com.google.Chrome,87,56156,62
com.microsoft.teams2,251,56407,62
com.apple.Safari,3,56410,62
com.google.Chrome,87,56497,62
com.microsoft.teams2,18,56515,62
com.apple.Notes,19,56534,62
com.apple.mobilesafari,10,56710,63
com.microsoft.teams2,606,57140,63
